bytes	KB	path
614	0.600	.gitignore
1074	1.049	LICENSE
2194	2.143	README.md
698	0.682	docs/DATA_AND_WEIGHTS.md
869	0.849	environment/README.md
26112	25.500	scripts/run_step8_complete_uq_diagnostics.py
17464	17.055	scripts/run_step8_composition_class_sensitivity.py
6441	6.290	scripts/run_step8_energy_pairwise_validator.py
23990	23.428	scripts/run_step8_leave_one_family_out.py
8037	7.849	scripts/run_step8_primary_chgnet.py
10764	10.512	scripts/run_step8_primary_eqv2_s_dens.py
10379	10.136	scripts/run_step8_primary_esen_30m_oam.py
10687	10.437	scripts/run_step8_primary_grace_2l_mptrj.py
8286	8.092	scripts/run_step8_primary_mace_mp0.py
9851	9.620	scripts/run_step8_primary_mace_mpa0.py
10689	10.438	scripts/run_step8_primary_orb_v2_mptrj.py
20841	20.353	scripts/run_step8_primary_prototype_bootstrap.py
8727	8.522	scripts/run_step8_primary_sevennet_l3i5.py
13292	12.980	scripts/run_step8_r2scan_chgnet_energy.py
12350	12.061	scripts/run_step8_r2scan_eqv2_s_dens_energy.py
11791	11.515	scripts/run_step8_r2scan_esen_30m_oam_energy.py
12645	12.349	scripts/run_step8_r2scan_grace_2l_mptrj_energy.py
10870	10.615	scripts/run_step8_r2scan_mace_mp0_energy.py
12511	12.218	scripts/run_step8_r2scan_mace_mpa0_energy.py
11245	10.981	scripts/run_step8_r2scan_orb_v2_mptrj_energy.py
23062	22.521	scripts/run_step8_r2scan_prototype_bootstrap.py
11029	10.771	scripts/run_step8_r2scan_sevennet_l3i5_energy.py
36796	35.934	scripts/run_step8_sensitivity_completeness_analysis.py
10683	10.433	scripts/run_step8_sensitivity_grace_2l_oam.py
10661	10.411	scripts/run_step8_sensitivity_orb_v2_mpa.py
14676	14.332	scripts/run_step8_sensitivity_pet_oam_xl.py
26808	26.180	scripts/run_step8_wbm_block_bootstrap.py
16714	16.322	scripts/run_step8_wbm_chgnet_energy.py
16587	16.198	scripts/run_step8_wbm_eqv2_s_dens_energy.py
15264	14.906	scripts/run_step8_wbm_esen_30m_oam_energy.py
17906	17.486	scripts/run_step8_wbm_grace_2l_mptrj_energy.py
14664	14.320	scripts/run_step8_wbm_mace_mp0_energy.py
15086	14.732	scripts/run_step8_wbm_mace_mpa0_energy.py
13878	13.553	scripts/run_step8_wbm_orb_v2_mptrj_energy.py
14837	14.489	scripts/run_step8_wbm_sevennet_l3i5_energy.py
11996	11.715	src/cme_estimators.py
